#{"t_start": 1758432937.7269475, "env_id": "None"}
r,l,t
-1.0,1,0.049112
-1.0,1,0.116126
-1.0,1,0.151953
-0.49399995604562896,1,0.181901
-1.0,1,0.206049
-0.49399995604562896,1,0.238192
-0.32701572575880644,1,0.291819
-0.5498970215152382,1,0.322495
-0.16154575415107983,1,0.341848
-0.32701572575880644,1,0.373603
-0.16154575415107983,1,0.396503
-0.49399995604562896,1,0.411825
-0.32701572575880644,1,0.44693
-0.32701572575880644,1,0.479652
-0.32701572575880644,1,0.512736
-0.24403595657308333,1,0.540753
-0.09606890012133878,1,0.549995
-0.32701572575880644,1,0.582772
-0.19447147503888695,1,0.61606
-0.11564934535195502,1,0.644005
-0.06359523054922724,1,0.65495
-0.11564934535195502,1,0.687403
-0.06359523054922724,1,0.722014
-0.11564934535195502,1,0.7522
-0.06359523054922724,1,0.77319
-0.11564934535195502,1,0.790678
-0.29377455747249076,1,0.823869
-0.19447147503888695,1,0.853252
-0.19447147503888695,1,0.8737
-0.12055375182065618,1,0.896802
-0.09606890012133878,1,0.925645
-0.19447147503888695,1,0.957761
-0.29377455747249076,1,0.977535
-0.06359523054922724,1,0.99904
-0.39366698854710896,1,1.032126
-0.06359523054922724,1,1.061198
-0.16154575415107983,1,1.087553
-0.19447147503888695,1,1.102468
-0.19447147503888695,1,1.136111
-0.12055375182065618,1,1.166122
-0.16154575415107983,1,1.19516
-0.06359523054922724,1,1.204009
-0.32701572575880644,1,1.235376
-0.32701572575880644,1,1.264832
-1.0,1,1.300833
-1.0,1,1.318853
-1.0,1,1.341058
-0.7462514409875026,1,1.370339
-0.39366698854710896,1,1.390075
-0.19447147503888695,1,1.411208
-0.16154575415107983,1,1.439384
-0.32701572575880644,1,1.462526
-0.32701572575880644,1,1.483191
-0.7743807376143085,1,1.510326
-0.6619752122581185,1,1.541932
-0.49399995604562896,1,1.566918
-0.6619752122581185,1,1.579108
-0.49399995604562896,1,1.611764
-0.32701572575880644,1,1.636626
-0.32701572575880644,1,1.661712
-0.19447147503888695,1,1.68508
-0.19447147503888695,1,1.715049
-0.06359523054922724,1,1.745037
-0.19447147503888695,1,1.756511
-0.06359523054922724,1,1.78801
-0.19447147503888695,1,1.821629
-0.19447147503888695,1,1.852221
-0.11564934535195502,1,1.874623
-0.06359523054922724,1,1.888447
-0.11564934535195502,1,1.921299
-0.06359523054922724,1,1.95572
-0.16154575415107983,1,1.988338
-0.29377455747249076,1,2.005333
-0.06359523054922724,1,2.025123
-0.16154575415107983,1,2.060443
-0.32701572575880644,1,2.093864
-0.32701572575880644,1,2.117692
-0.5498970215152382,1,2.143345
-0.32701572575880644,1,2.166007
-0.32701572575880644,1,2.196107
-0.32701572575880644,1,2.225552
-0.24403595657308333,1,2.252543
-0.32701572575880644,1,2.280802
-0.32701572575880644,1,2.301299
-0.32701572575880644,1,2.33108
-0.32701572575880644,1,2.367119
-0.32701572575880644,1,2.383668
-0.24403595657308333,1,2.406806
-0.19447147503888695,1,2.440039
-0.16154575415107983,1,2.470046
-0.06359523054922724,1,2.489787
-0.16154575415107983,1,2.511055
-0.06359523054922724,1,2.543629
-0.16154575415107983,1,2.575794
-0.2164763044709286,1,2.605694
-0.19447147503888695,1,2.615453
-0.2164763044709286,1,2.644459
-0.16154575415107983,1,2.668573
-0.2164763044709286,1,2.695599
-0.32701572575880644,1,2.714099
-0.19447147503888695,1,2.746491
-0.24403595657308333,1,2.775999
-0.19447147503888695,1,2.830643
-0.24403595657308333,1,2.854429
-0.32701572575880644,1,2.892413
-0.19447147503888695,1,2.918962
-0.32701572575880644,1,2.952993
-0.32701572575880644,1,2.983403
-0.32701572575880644,1,3.020355
-0.32701572575880644,1,3.051156
-0.32701572575880644,1,3.087752
-0.12055375182065618,1,3.106168
-0.16154575415107983,1,3.143883
-0.19447147503888695,1,3.166379
-0.19447147503888695,1,3.205999
-0.16154575415107983,1,3.231737
-0.0,1,3.268191
-1.0,1,3.299404
-1.0,1,3.335092
-1.0,1,3.364357
-0.7462514409875026,1,3.398072
-0.39366698854710896,1,3.415138
-0.19447147503888695,1,3.43767
-0.32701572575880644,1,3.465336
-0.32701572575880644,1,3.494672
-0.6619752122581185,1,3.5234
-1.0,1,3.54343
-0.6619752122581185,1,3.574072
-1.0,1,3.619622
-0.32701572575880644,1,3.645216
-0.32701572575880644,1,3.679894
-0.16154575415107983,1,3.708743
-0.12055375182065618,1,3.742652
-0.32701572575880644,1,3.762605
-0.32701572575880644,1,3.796421
-0.32701572575880644,1,3.816584
-0.32701572575880644,1,3.849595
-0.32701572575880644,1,3.886251
-0.12055375182065618,1,3.928051
-0.32701572575880644,1,3.949524
-0.24403595657308333,1,3.983543
-0.32701572575880644,1,4.008614
-0.32701572575880644,1,4.026414
-0.19447147503888695,1,4.058997
-0.24403595657308333,1,4.121726
-0.32701572575880644,1,4.14974
-0.24403595657308333,1,4.169764
-0.32701572575880644,1,4.194559
-0.19447147503888695,1,4.230698
-0.39366698854710896,1,4.26009
-0.16154575415107983,1,4.294223
-0.39366698854710896,1,4.321635
-0.49399995604562896,1,4.348463
-0.39366698854710896,1,4.381496
-0.7462514409875026,1,4.425923
-1.0,1,4.441993
-1.0,1,4.474232
-0.39366698854710896,1,4.503897
-0.49399995604562896,1,4.546942
-0.16154575415107983,1,4.580786
-0.32701572575880644,1,4.605843
-0.32701572575880644,1,4.638344
-0.32701572575880644,1,4.673483
-0.16154575415107983,1,4.707366
-0.06359523054922724,1,4.745227
-0.2164763044709286,1,4.777106
-0.19447147503888695,1,4.810506
-0.19447147503888695,1,4.843009
-0.49399995604562896,1,4.87471
-0.32701572575880644,1,4.906593
-0.32701572575880644,1,4.931478
-0.32701572575880644,1,4.949376
-0.32701572575880644,1,4.981818
-0.32701572575880644,1,5.013517
-0.32701572575880644,1,5.048002
-0.32701572575880644,1,5.069359
-0.49399995604562896,1,5.097417
-1.0,1,5.120177
-0.32701572575880644,1,5.154051
-0.0,1,5.185319
-1.0,1,5.217825
-1.0,1,5.237665
-1.0,1,5.292311
-0.49399995604562896,1,5.325483
-0.6619752122581185,1,5.358903
-0.49399995604562896,1,5.390042
-0.6619752122581185,1,5.424148
-0.32701572575880644,1,5.445739
-0.6619752122581185,1,5.4794
-0.32701572575880644,1,5.495885
-0.6619752122581185,1,5.529956
-0.5498970215152382,1,5.550801
-0.16154575415107983,1,5.582156
-0.7462514409875026,1,5.598233
-0.6619752122581185,1,5.631133
-0.7743807376143085,1,5.656636
-0.32701572575880644,1,5.678126
-0.12055375182065618,1,5.703417
-0.32701572575880644,1,5.737563
-0.19447147503888695,1,5.770022
-0.09606890012133878,1,5.801289
-0.11564934535195502,1,5.812283
-0.19447147503888695,1,5.849439
-0.19447147503888695,1,5.877313
-0.0,1,5.917708
-1.0,1,5.944622
-1.0,1,5.981879
-1.0,1,6.010955
-1.0,1,6.036842
-0.6619752122581185,1,6.06547
-1.0,1,6.103585
-1.0,1,6.117156
-1.0,1,6.155332
-1.0,1,6.188079
-1.0,1,6.222857
-1.0,1,6.251592
-1.0,1,6.287392
-1.0,1,6.320082
-1.0,1,6.356889
-1.0,1,6.388093
-1.0,1,6.423867
-1.0,1,6.445333
-1.0,1,6.472963
-1.0,1,6.493814
-1.0,1,6.528307
-0.39366698854710896,1,6.560787
-0.49399995604562896,1,6.595655
-0.16154575415107983,1,6.651757
-0.32701572575880644,1,6.671429
-0.32701572575880644,1,6.702527
-0.0,1,6.740724
-1.0,1,6.77011
-1.0,1,6.804905
-0.32701572575880644,1,6.839312
-0.32701572575880644,1,6.875034
-0.32701572575880644,1,6.906839
-0.24403595657308333,1,6.940482
-0.32701572575880644,1,6.962369
-0.32701572575880644,1,7.005233
-0.6619752122581185,1,7.021175
-0.32701572575880644,1,7.0497
-0.32701572575880644,1,7.076585
-0.5498970215152382,1,7.110052
-0.32701572575880644,1,7.131835
-0.49399995604562896,1,7.167653
-0.39366698854710896,1,7.193372
-0.16154575415107983,1,7.218344
-0.2164763044709286,1,7.250839
-0.16154575415107983,1,7.288723
-0.39366698854710896,1,7.351536
-0.19447147503888695,1,7.388103
-0.2164763044709286,1,7.421203
-0.19447147503888695,1,7.45692
-0.32701572575880644,1,7.48913
-0.24403595657308333,1,7.526498
-0.32701572575880644,1,7.555346
-0.24403595657308333,1,7.579122
-0.19447147503888695,1,7.612267
-0.16154575415107983,1,7.64377
-0.06359523054922724,1,7.662846
-0.19447147503888695,1,7.700109
-0.0,1,7.729609
-1.0,1,7.761765
-0.49399995604562896,1,7.792378
-0.6619752122581185,1,7.812807
-1.0,1,7.838741
-1.0,1,7.881346
-0.24403595657308333,1,7.905894
-0.32701572575880644,1,7.93929
-0.32701572575880644,1,7.971335
-0.32701572575880644,1,8.010383
-0.24403595657308333,1,8.042771
-0.19447147503888695,1,8.075702
-0.16154575415107983,1,8.107991
-0.06359523054922724,1,8.145665
-0.16154575415107983,1,8.179646
-0.0,1,8.216224
-1.0,1,8.247948
-1.0,1,8.28847
-1.0,1,8.319208
-0.7462514409875026,1,8.353473
-0.39366698854710896,1,8.383569
-0.16154575415107983,1,8.421925
-0.0,1,8.45538
-1.0,1,8.490957
-1.0,1,8.521761
-1.0,1,8.556948
-0.49399995604562896,1,8.586655
-0.39366698854710896,1,8.623428
-0.16154575415107983,1,8.641466
-0.39366698854710896,1,8.676852
-0.24403595657308333,1,8.695655
-0.32701572575880644,1,8.732269
-0.32701572575880644,1,8.764798
-0.6619752122581185,1,8.801762
-1.0,1,8.832758
-0.32701572575880644,1,8.866714
-0.5498970215152382,1,8.898761
-0.16154575415107983,1,8.934454
-0.12055375182065618,1,8.968291
-0.29377455747249076,1,9.002417
-0.16154575415107983,1,9.025465
-0.09606890012133878,1,9.050344
-0.24403595657308333,1,9.075523
-0.32701572575880644,1,9.106785
-0.24403595657308333,1,9.140697
-0.32701572575880644,1,9.17525
-0.24403595657308333,1,9.207921
-0.32701572575880644,1,9.248437
-0.7743807376143085,1,9.282798
-0.6619752122581185,1,9.326297
-0.49399995604562896,1,9.348488
-0.6619752122581185,1,9.384409
-0.32701572575880644,1,9.417745
-0.16154575415107983,1,9.454971
-0.24403595657308333,1,9.48274
-0.19447147503888695,1,9.518559
-0.0,1,9.547974
-1.0,1,9.585608
-0.49399995604562896,1,9.601644
-0.6619752122581185,1,9.626124
-0.32701572575880644,1,9.655609
-0.6619752122581185,1,9.690225
-1.0,1,9.714511
-1.0,1,9.745279
-0.32701572575880644,1,9.76375
-0.16154575415107983,1,9.796812
-0.49399995604562896,1,9.82595
-0.6619752122581185,1,9.857115
-0.49399995604562896,1,9.873159
-0.6619752122581185,1,9.901592
-0.49399995604562896,1,9.933325
-0.32701572575880644,1,9.969337
-0.19447147503888695,1,9.998044
-0.19447147503888695,1,10.031533
-0.12055375182065618,1,10.05303
-0.29377455747249076,1,10.093702
-0.06359523054922724,1,10.106896
-0.16154575415107983,1,10.136865
-0.12055375182065618,1,10.164544
-0.29377455747249076,1,10.189902
-0.19447147503888695,1,10.209324
-0.0,1,10.243962
-1.0,1,10.272278
-0.49399995604562896,1,10.30913
-0.32701572575880644,1,10.342237
-0.49399995604562896,1,10.378087
-0.6619752122581185,1,10.405922
-1.0,1,10.41835
-1.0,1,10.446339
-0.24403595657308333,1,10.482934
-0.32701572575880644,1,10.515685
-0.32701572575880644,1,10.548737
-0.0,1,10.569124
-1.0,1,10.590878
-1.0,1,10.623021
-1.0,1,10.654717
-1.0,1,10.688485
-0.6619752122581185,1,10.724032
-0.49399995604562896,1,10.752296
-0.19447147503888695,1,10.78108
-0.16154575415107983,1,10.802238
-0.19447147503888695,1,10.83179
-0.16154575415107983,1,10.861525
-0.0,1,10.895549
-1.0,1,10.92675
-1.0,1,10.960977
-1.0,1,10.984092
-0.32701572575880644,1,11.014746
-0.0,1,11.041764
-1.0,1,11.071195
-1.0,1,11.10261
-1.0,1,11.139864
-0.5498970215152382,1,11.166822
-0.32701572575880644,1,11.197774
-0.19447147503888695,1,11.206877
-0.32701572575880644,1,11.242278
-0.24403595657308333,1,11.271199
-0.32701572575880644,1,11.308216
-0.24403595657308333,1,11.344039
-0.19447147503888695,1,11.376714
-0.24403595657308333,1,11.409171
-0.0,1,11.445597
-1.0,1,11.478758
-0.49399995604562896,1,11.514765
-0.6619752122581185,1,11.545889
-0.49399995604562896,1,11.583506
-0.32701572575880644,1,11.615659
-0.5498970215152382,1,11.64821
-0.16154575415107983,1,11.663944
-0.32701572575880644,1,11.689451
-0.09606890012133878,1,11.721558
-0.11564934535195502,1,11.76422
-0.06359523054922724,1,11.791109
-0.16154575415107983,1,11.820771
-0.2164763044709286,1,11.853301
-0.16154575415107983,1,11.880155
-0.2164763044709286,1,11.902916
-0.16154575415107983,1,11.930977
-0.2164763044709286,1,11.959972
-0.19447147503888695,1,11.992824
-0.32701572575880644,1,12.016858
-0.32701572575880644,1,12.056968
-0.0,1,12.089943
-1.0,1,12.119088
-1.0,1,12.143825
-1.0,1,12.168914
-1.0,1,12.196579
-1.0,1,12.218374
-1.0,1,12.243922
-0.6619752122581185,1,12.279684
-1.0,1,12.304089
-1.0,1,12.337394
-0.49399995604562896,1,12.369953
-0.0,1,12.407105
-1.0,1,12.438872
-1.0,1,12.474295
-0.6619752122581185,1,12.497222
-0.49399995604562896,1,12.514401
-0.39366698854710896,1,12.545622
-0.49399995604562896,1,12.581966
-0.39366698854710896,1,12.615529
-0.16154575415107983,1,12.65197
-0.39366698854710896,1,12.680452
-1.0,1,12.710929
-0.39366698854710896,1,12.73348
-0.19447147503888695,1,12.771164
-0.19447147503888695,1,12.789678
-0.19447147503888695,1,12.822916
-0.19447147503888695,1,12.850756
-0.24403595657308333,1,12.889935
-0.19447147503888695,1,12.922722
-0.24403595657308333,1,12.96091
-0.29377455747249076,1,12.989766
-0.06359523054922724,1,13.021593
-0.39366698854710896,1,13.046435
-1.0,1,13.065035
-1.0,1,13.10641
-0.16154575415107983,1,13.13384
-0.2164763044709286,1,13.161031
-0.16154575415107983,1,13.19548
-0.19447147503888695,1,13.211831
-0.19447147503888695,1,13.239535
-0.2164763044709286,1,13.265986
-0.16154575415107983,1,13.301202
-0.06359523054922724,1,13.330804
-0.16154575415107983,1,13.367414
-0.19447147503888695,1,13.404284
-0.24403595657308333,1,13.441987
-0.16154575415107983,1,13.47424
-0.12055375182065618,1,13.509014
-0.16154575415107983,1,13.540598
-0.32701572575880644,1,13.576874
-0.6619752122581185,1,13.610113
-0.24403595657308333,1,13.648553
-0.32701572575880644,1,13.677372
-0.19447147503888695,1,13.710421
-0.09606890012133878,1,13.726504
-0.16154575415107983,1,13.752708
-0.09606890012133878,1,13.791072
-0.16154575415107983,1,13.827497
-0.19447147503888695,1,13.852915
-0.24403595657308333,1,13.900272
-0.29377455747249076,1,13.928361
-0.11564934535195502,1,13.959131
-0.19447147503888695,1,13.987573
-0.11564934535195502,1,14.024928
-0.29377455747249076,1,14.061565
-0.11564934535195502,1,14.1215
-0.19447147503888695,1,14.144709
-0.24403595657308333,1,14.162724
-0.32701572575880644,1,14.198403
-0.24403595657308333,1,14.237586
-0.29377455747249076,1,14.258853
-0.06359523054922724,1,14.282437
-0.32701572575880644,1,14.30058
-0.32701572575880644,1,14.33187
-0.32701572575880644,1,14.361524
-0.24403595657308333,1,14.388158
-1.0,1,14.408552
-0.49399995604562896,1,14.44142
-0.16154575415107983,1,14.470933
-0.32701572575880644,1,14.517777
-0.39366698854710896,1,14.541083
-1.0,1,14.582251
-1.0,1,14.609854
-0.49399995604562896,1,14.642864
-0.39366698854710896,1,14.674115
-0.16154575415107983,1,14.712175
-0.19447147503888695,1,14.757282
-1.0,1,14.782269
-0.39366698854710896,1,14.81126
-0.24403595657308333,1,14.84426
-0.19447147503888695,1,14.872667
-0.19447147503888695,1,14.91464
-0.19447147503888695,1,14.94503
-0.19447147503888695,1,14.980083
-0.32701572575880644,1,15.0046
-0.32701572575880644,1,15.04096
-0.09606890012133878,1,15.080453
-0.24403595657308333,1,15.106334
-0.32701572575880644,1,15.139972
-0.24403595657308333,1,15.160322
-0.09606890012133878,1,15.192453
-0.16154575415107983,1,15.229981
-0.2164763044709286,1,15.259341
-0.16154575415107983,1,15.290461
-0.09606890012133878,1,15.323746
-0.24403595657308333,1,15.363123
-0.32701572575880644,1,15.39334
-0.32701572575880644,1,15.434118
-0.32701572575880644,1,15.467068
-0.32701572575880644,1,15.5038
-0.32701572575880644,1,15.537226
-0.24403595657308333,1,15.574802
-0.19447147503888695,1,15.606011
-0.19447147503888695,1,15.642057
-0.39366698854710896,1,15.670628
-0.19447147503888695,1,15.71145
-0.32701572575880644,1,15.744904
-0.24403595657308333,1,15.784429
-0.32701572575880644,1,15.807458
-0.12055375182065618,1,15.84309
-0.32701572575880644,1,15.872924
-0.32701572575880644,1,15.913782
-0.32701572575880644,1,15.946681
-0.24403595657308333,1,15.984327
-0.32701572575880644,1,16.016786
-0.49399995604562896,1,16.055906
-1.0,1,16.085839
-1.0,1,16.122598
-0.32701572575880644,1,16.152221
-0.24403595657308333,1,16.187449
-0.32701572575880644,1,16.218162
-0.49399995604562896,1,16.244232
-1.0,1,16.266922
-1.0,1,16.292166
-1.0,1,16.319992
-1.0,1,16.355144
-0.6619752122581185,1,16.378291
-1.0,1,16.416852
-1.0,1,16.441306
-0.7462514409875026,1,16.464517
-0.39366698854710896,1,16.494829
-0.06359523054922724,1,16.528653
-0.2164763044709286,1,16.550373
-0.16154575415107983,1,16.582754
-0.2164763044709286,1,16.611172
-0.16154575415107983,1,16.636207
-0.2164763044709286,1,16.66625
-0.16154575415107983,1,16.703415
-0.19447147503888695,1,16.736827
-0.32701572575880644,1,16.774055
-0.19447147503888695,1,16.804407
-0.24403595657308333,1,16.833943
-0.32701572575880644,1,16.842591
-0.24403595657308333,1,16.880113
-0.39366698854710896,1,16.924089
-0.19447147503888695,1,16.949242
-0.19447147503888695,1,16.980014
-0.32701572575880644,1,17.012676
-0.19447147503888695,1,17.046111
-0.16154575415107983,1,17.084036
-0.19447147503888695,1,17.11835
-0.24403595657308333,1,17.160904
-0.0,1,17.183908
-1.0,1,17.220416
-1.0,1,17.253401
-0.6619752122581185,1,17.297233
-0.32701572575880644,1,17.32343
-0.6619752122581185,1,17.354888
-0.49399995604562896,1,17.377368
-0.6619752122581185,1,17.418266
-0.32701572575880644,1,17.440725
-0.6619752122581185,1,17.485575
-0.32701572575880644,1,17.493782
-0.32701572575880644,1,17.528274
-0.7462514409875026,1,17.557239
-0.16154575415107983,1,17.594031
-0.06359523054922724,1,17.631534
-0.29377455747249076,1,17.665389
-0.11564934535195502,1,17.696911
-0.06359523054922724,1,17.731672
-0.11564934535195502,1,17.764684
-0.19447147503888695,1,17.796031
-0.19447147503888695,1,17.806828
-0.06359523054922724,1,17.838901
-0.19447147503888695,1,17.867619
-0.19447147503888695,1,17.899984
-0.19447147503888695,1,17.940665
-0.19447147503888695,1,17.975062
-0.16154575415107983,1,18.002931
-0.2164763044709286,1,18.028226
-0.16154575415107983,1,18.057977
-0.06359523054922724,1,18.095539
-0.16154575415107983,1,18.125538
-0.2164763044709286,1,18.149494
-0.16154575415107983,1,18.18142
-0.19447147503888695,1,18.217309
-0.16154575415107983,1,18.25102
-0.19447147503888695,1,18.286018
-0.24403595657308333,1,18.315479
-0.09606890012133878,1,18.349687
-0.19447147503888695,1,18.367367
-0.2164763044709286,1,18.392755
-0.16154575415107983,1,18.423384
-0.19447147503888695,1,18.45811
-0.11564934535195502,1,18.487035
-0.06359523054922724,1,18.518188
-0.16154575415107983,1,18.540191
-0.06359523054922724,1,18.574084
-0.16154575415107983,1,18.596674
-0.06359523054922724,1,18.641976
-0.11564934535195502,1,18.662619
-0.19447147503888695,1,18.697481
-0.11564934535195502,1,18.730822
-0.19447147503888695,1,18.767976
-0.19447147503888695,1,18.801286
-0.0,1,18.83453
-1.0,1,18.86231
-1.0,1,18.896569
-0.6619752122581185,1,18.905809
-0.32701572575880644,1,18.949442
-0.16154575415107983,1,18.969534
-0.7462514409875026,1,19.005352
-0.32701572575880644,1,19.036616
-0.24403595657308333,1,19.07065
